<?xml version="1.0" encoding="ISO-8859-15"?>
<root>
<row>
<department_name>Endocrinology</department_name>
<doctor_id>DR009</doctor_id>
<doctor_name>Christopher Taylor</doctor_name>
<patient_id></patient_id>
<patient_name></patient_name>
</row>
<row>
<department_name>Oncology</department_name>
<doctor_id>DC012</doctor_id>
<doctor_name>Amanda Thomas</doctor_name>
<patient_id></patient_id>
<patient_name></patient_name>
</row>
<row>
<department_name>Ophthalmology</department_name>
<doctor_id>DC006</doctor_id>
<doctor_name>Jennifer Davis</doctor_name>
<patient_id></patient_id>
<patient_name></patient_name>
</row>
<row>
<department_name>Psychiatry</department_name>
<doctor_id>DR011</doctor_id>
<doctor_name>Matthew Anderson</doctor_name>
<patient_id></patient_id>
<patient_name></patient_name>
</row>
<row>
<department_name>Orthopedics</department_name>
<doctor_id>DC002</doctor_id>
<doctor_name>Jane Smith</doctor_name>
<patient_id></patient_id>
<patient_name></patient_name>
</row>
<row>
<department_name>Urology</department_name>
<doctor_id>DC008</doctor_id>
<doctor_name>Emily Wilson</doctor_name>
<patient_id></patient_id>
<patient_name></patient_name>
</row>
<row>
<department_name>Anesthesiology</department_name>
<doctor_id></doctor_id>
<doctor_name></doctor_name>
<patient_id></patient_id>
<patient_name></patient_name>
</row>
<row>
<department_name>Cardiothoracic Surgery</department_name>
<doctor_id>DC016</doctor_id>
<doctor_name>Sophia Lewis</doctor_name>
<patient_id></patient_id>
<patient_name></patient_name>
</row>
<row>
<department_name>Emergency Medicine</department_name>
<doctor_id>DC014</doctor_id>
<doctor_name>Olivia Clark</doctor_name>
<patient_id></patient_id>
<patient_name></patient_name>
</row>
<row>
<department_name>Gastroenterology</department_name>
<doctor_id>DR007</doctor_id>
<doctor_name>Daniel Miller</doctor_name>
<patient_id></patient_id>
<patient_name></patient_name>
</row>
<row>
<department_name>Cardiology</department_name>
<doctor_id>DR892</doctor_id>
<doctor_name>Santoto Toh</doctor_name>
<patient_id></patient_id>
<patient_name></patient_name>
</row>
<row>
<department_name>Pulmonology</department_name>
<doctor_id>DR019</doctor_id>
<doctor_name>Joseph Young</doctor_name>
<patient_id></patient_id>
<patient_name></patient_name>
</row>
<row>
<department_name>Physical Therapy</department_name>
<doctor_id>DR017</doctor_id>
<doctor_name>Benjamin Lee</doctor_name>
<patient_id></patient_id>
<patient_name></patient_name>
</row>
<row>
<department_name>Nephrology</department_name>
<doctor_id>DR013</doctor_id>
<doctor_name>James White</doctor_name>
<patient_id></patient_id>
<patient_name></patient_name>
</row>
<row>
<department_name>Neurology</department_name>
<doctor_id>DC004</doctor_id>
<doctor_name>Sarah Williams</doctor_name>
<patient_id></patient_id>
<patient_name></patient_name>
</row>
<row>
<department_name>Dermatology</department_name>
<doctor_id>DR005</doctor_id>
<doctor_name>Michael Brown</doctor_name>
<patient_id></patient_id>
<patient_name></patient_name>
</row>
<row>
<department_name>Hematology</department_name>
<doctor_id>DC020</doctor_id>
<doctor_name>Madison Scott</doctor_name>
<patient_id></patient_id>
<patient_name></patient_name>
</row>
<row>
<department_name>Pediatrics</department_name>
<doctor_id>DR003</doctor_id>
<doctor_name>David Johnson</doctor_name>
<patient_id></patient_id>
<patient_name></patient_name>
</row>
<row>
<department_name>General Surgery</department_name>
<doctor_id>DC018</doctor_id>
<doctor_name>Isabella Hall</doctor_name>
<patient_id></patient_id>
<patient_name></patient_name>
</row>
<row>
<department_name>Radiology</department_name>
<doctor_id>DC010</doctor_id>
<doctor_name>Jessica Martinez</doctor_name>
<patient_id></patient_id>
<patient_name></patient_name>
</row>
<row>
<department_name>ENT (Otolaryngology)</department_name>
<doctor_id>DR015</doctor_id>
<doctor_name>William Rodriguez</doctor_name>
<patient_id></patient_id>
<patient_name></patient_name>
</row>
</root>
